"HITId","HITTypeId","Title","Description","Keywords","Reward","CreationTime","MaxAssignments","RequesterAnnotation","AssignmentDurationInSeconds","AutoApprovalDelayInSeconds","Expiration","NumberOfSimilarHITs","LifetimeInSeconds","AssignmentId","WorkerId","AssignmentStatus","AcceptTime","SubmitTime","AutoApprovalTime","ApprovalTime","RejectionTime","RequesterFeedback","WorkTimeInSeconds","LifetimeApprovalRate","Last30DaysApprovalRate","Last7DaysApprovalRate","Answer.surveycode","Approve","Reject"
"3E9VAUV7BWFT07OBDG8KS9D7RADAYI","3VY1OMW93651SZIH3LH85FKSADCUBC","Read a short story and rate it on a scale of 1 to 6","Give us your opinion about a short story","survey, short story, review, rating","$0.25","Mon Jul 23 19:42:42 PDT 2018","300","BatchId:3313917;OriginalHitTemplateId:920937340;","10800","432000","Fri Jul 27 21:47:54 PDT 2018","","","30LB5CDZNCB0R4YS72IC6U6HNR7Z03","A23S6QOSZH9TMT","Submitted","Wed Jul 25 10:44:16 PDT 2018","Wed Jul 25 10:47:03 PDT 2018","Mon Jul 30 10:47:03 PDT 2018","","","","167","0% (0/0)","0% (0/0)","0% (0/0)","4696134"
"3E9VAUV7BWFT07OBDG8KS9D7RADAYI","3VY1OMW93651SZIH3LH85FKSADCUBC","Read a short story and rate it on a scale of 1 to 6","Give us your opinion about a short story","survey, short story, review, rating","$0.25","Mon Jul 23 19:42:42 PDT 2018","300","BatchId:3313917;OriginalHitTemplateId:920937340;","10800","432000","Fri Jul 27 21:47:54 PDT 2018","","","31HQ4X3T3SBGNO1013AN8L123YDLS0","A272A0JGRTBFCR","Submitted","Mon Jul 23 19:44:29 PDT 2018","Mon Jul 23 19:49:09 PDT 2018","Sat Jul 28 19:49:09 PDT 2018","","","","280","0% (0/0)","0% (0/0)","0% (0/0)","2518732"
"3E9VAUV7BWFT07OBDG8KS9D7RADAYI","3VY1OMW93651SZIH3LH85FKSADCUBC","Read a short story and rate it on a scale of 1 to 6","Give us your opinion about a short story","survey, short story, review, rating","$0.25","Mon Jul 23 19:42:42 PDT 2018","300","BatchId:3313917;OriginalHitTemplateId:920937340;","10800","432000","Fri Jul 27 21:47:54 PDT 2018","","","32SVAV9L3FAV7OPHEXKWRZDFHDC3AJ","AAEZQL4J6CQGM","Submitted","Tue Jul 24 16:53:20 PDT 2018","Tue Jul 24 16:59:02 PDT 2018","Sun Jul 29 16:59:02 PDT 2018","","","","342","0% (0/0)","0% (0/0)","0% (0/0)","4434598"
"3E9VAUV7BWFT07OBDG8KS9D7RADAYI","3VY1OMW93651SZIH3LH85FKSADCUBC","Read a short story and rate it on a scale of 1 to 6","Give us your opinion about a short story","survey, short story, review, rating","$0.25","Mon Jul 23 19:42:42 PDT 2018","300","BatchId:3313917;OriginalHitTemplateId:920937340;","10800","432000","Fri Jul 27 21:47:54 PDT 2018","","","333U7HK6I9G4Q9UI1S3LX72AY7QJDW","A2MPA5OAT635HG","Submitted","Mon Jul 23 22:14:51 PDT 2018","Mon Jul 23 22:45:12 PDT 2018","Sat Jul 28 22:45:12 PDT 2018","","","","1821","0% (0/0)","0% (0/0)","0% (0/0)","5451819"
"3E9VAUV7BWFT07OBDG8KS9D7RADAYI","3VY1OMW93651SZIH3LH85FKSADCUBC","Read a short story and rate it on a scale of 1 to 6","Give us your opinion about a short story","survey, short story, review, rating","$0.25","Mon Jul 23 19:42:42 PDT 2018","300","BatchId:3313917;OriginalHitTemplateId:920937340;","10800","432000","Fri Jul 27 21:47:54 PDT 2018","","","3483FV8BEEK5Z4HVKKPFSK61GOJ26V","A2M6ON3DU45IEO","Submitted","Wed Jul 25 22:20:40 PDT 2018","Wed Jul 25 22:24:02 PDT 2018","Mon Jul 30 22:24:02 PDT 2018","","","","202","0% (0/0)","0% (0/0)","0% (0/0)","565879"
"3E9VAUV7BWFT07OBDG8KS9D7RADAYI","3VY1OMW93651SZIH3LH85FKSADCUBC","Read a short story and rate it on a scale of 1 to 6","Give us your opinion about a short story","survey, short story, review, rating","$0.25","Mon Jul 23 19:42:42 PDT 2018","300","BatchId:3313917;OriginalHitTemplateId:920937340;","10800","432000","Fri Jul 27 21:47:54 PDT 2018","","","35BLDD71I6YGK5Z8AZ61RNW7HOWZV9","AKX5RHHO8BIUX","Submitted","Wed Jul 25 16:37:48 PDT 2018","Wed Jul 25 16:45:02 PDT 2018","Mon Jul 30 16:45:02 PDT 2018","","","","434","0% (0/0)","0% (0/0)","0% (0/0)","8059872"
"3E9VAUV7BWFT07OBDG8KS9D7RADAYI","3VY1OMW93651SZIH3LH85FKSADCUBC","Read a short story and rate it on a scale of 1 to 6","Give us your opinion about a short story","survey, short story, review, rating","$0.25","Mon Jul 23 19:42:42 PDT 2018","300","BatchId:3313917;OriginalHitTemplateId:920937340;","10800","432000","Fri Jul 27 21:47:54 PDT 2018","","","35GCEFQ6I5PW8WXPQP0V8S4OQVAZ31","A1DVKS3R9SLQ1H","Submitted","Tue Jul 24 10:09:37 PDT 2018","Tue Jul 24 10:24:10 PDT 2018","Sun Jul 29 10:24:10 PDT 2018","","","","873","0% (0/0)","0% (0/0)","0% (0/0)","1830670"
"3E9VAUV7BWFT07OBDG8KS9D7RADAYI","3VY1OMW93651SZIH3LH85FKSADCUBC","Read a short story and rate it on a scale of 1 to 6","Give us your opinion about a short story","survey, short story, review, rating","$0.25","Mon Jul 23 19:42:42 PDT 2018","300","BatchId:3313917;OriginalHitTemplateId:920937340;","10800","432000","Fri Jul 27 21:47:54 PDT 2018","","","39N5ACM9HEOO9UKZKP33875WGVG9PO","A3OLRWACCCCUTU","Submitted","Wed Jul 25 06:37:04 PDT 2018","Wed Jul 25 06:40:18 PDT 2018","Mon Jul 30 06:40:18 PDT 2018","","","","194","0% (0/0)","0% (0/0)","0% (0/0)","5722714"
"3E9VAUV7BWFT07OBDG8KS9D7RADAYI","3VY1OMW93651SZIH3LH85FKSADCUBC","Read a short story and rate it on a scale of 1 to 6","Give us your opinion about a short story","survey, short story, review, rating","$0.25","Mon Jul 23 19:42:42 PDT 2018","300","BatchId:3313917;OriginalHitTemplateId:920937340;","10800","432000","Fri Jul 27 21:47:54 PDT 2018","","","39ZSFO5CA8XQ7B54NNTA776YKA2UJ4","A2UF2FRGVW4T89","Submitted","Tue Jul 24 10:55:48 PDT 2018","Tue Jul 24 11:07:10 PDT 2018","Sun Jul 29 11:07:10 PDT 2018","","","","682","0% (0/0)","0% (0/0)","0% (0/0)","9087104"
"3E9VAUV7BWFT07OBDG8KS9D7RADAYI","3VY1OMW93651SZIH3LH85FKSADCUBC","Read a short story and rate it on a scale of 1 to 6","Give us your opinion about a short story","survey, short story, review, rating","$0.25","Mon Jul 23 19:42:42 PDT 2018","300","BatchId:3313917;OriginalHitTemplateId:920937340;","10800","432000","Fri Jul 27 21:47:54 PDT 2018","","","3ATTHHXXWAPMT4FTAAJXFDQ219OXI9","A2K56J9POYUFCA","Submitted","Mon Jul 23 20:01:14 PDT 2018","Mon Jul 23 20:20:30 PDT 2018","Sat Jul 28 20:20:30 PDT 2018","","","","1156","0% (0/0)","0% (0/0)","0% (0/0)","6105966"
"3E9VAUV7BWFT07OBDG8KS9D7RADAYI","3VY1OMW93651SZIH3LH85FKSADCUBC","Read a short story and rate it on a scale of 1 to 6","Give us your opinion about a short story","survey, short story, review, rating","$0.25","Mon Jul 23 19:42:42 PDT 2018","300","BatchId:3313917;OriginalHitTemplateId:920937340;","10800","432000","Fri Jul 27 21:47:54 PDT 2018","","","3B4YI393V9X3R1WQLC7OK7FXVV9SSF","AUOYNTK0GOFOM","Submitted","Tue Jul 24 06:34:07 PDT 2018","Tue Jul 24 06:40:20 PDT 2018","Sun Jul 29 06:40:20 PDT 2018","","","","373","0% (0/0)","0% (0/0)","0% (0/0)","5091604"
"3E9VAUV7BWFT07OBDG8KS9D7RADAYI","3VY1OMW93651SZIH3LH85FKSADCUBC","Read a short story and rate it on a scale of 1 to 6","Give us your opinion about a short story","survey, short story, review, rating","$0.25","Mon Jul 23 19:42:42 PDT 2018","300","BatchId:3313917;OriginalHitTemplateId:920937340;","10800","432000","Fri Jul 27 21:47:54 PDT 2018","","","3BGYGHDBBXLHH3YUXIDC27PPZ55229","A3VOMP0WOJTB4I","Submitted","Tue Jul 24 00:49:55 PDT 2018","Tue Jul 24 00:57:17 PDT 2018","Sun Jul 29 00:57:17 PDT 2018","","","","442","0% (0/0)","0% (0/0)","0% (0/0)","9265781"
"3E9VAUV7BWFT07OBDG8KS9D7RADAYI","3VY1OMW93651SZIH3LH85FKSADCUBC","Read a short story and rate it on a scale of 1 to 6","Give us your opinion about a short story","survey, short story, review, rating","$0.25","Mon Jul 23 19:42:42 PDT 2018","300","BatchId:3313917;OriginalHitTemplateId:920937340;","10800","432000","Fri Jul 27 21:47:54 PDT 2018","","","3CFJTT4SXTRSEP92SXFZLEDEZOR7IM","A299J4PKHAEU9H","Submitted","Tue Jul 24 23:18:05 PDT 2018","Wed Jul 25 02:04:47 PDT 2018","Mon Jul 30 02:04:47 PDT 2018","","","","10002","0% (0/0)","0% (0/0)","0% (0/0)","8803072"
"3E9VAUV7BWFT07OBDG8KS9D7RADAYI","3VY1OMW93651SZIH3LH85FKSADCUBC","Read a short story and rate it on a scale of 1 to 6","Give us your opinion about a short story","survey, short story, review, rating","$0.25","Mon Jul 23 19:42:42 PDT 2018","300","BatchId:3313917;OriginalHitTemplateId:920937340;","10800","432000","Fri Jul 27 21:47:54 PDT 2018","","","3DIP6YHAPCTKYYCZ6JHEEZBHJQA8E8","AQN3RS63MEPQA","Submitted","Thu Jul 26 14:34:11 PDT 2018","Thu Jul 26 14:47:01 PDT 2018","Tue Jul 31 14:47:01 PDT 2018","","","","770","0% (0/0)","0% (0/0)","0% (0/0)","8303139"
"3E9VAUV7BWFT07OBDG8KS9D7RADAYI","3VY1OMW93651SZIH3LH85FKSADCUBC","Read a short story and rate it on a scale of 1 to 6","Give us your opinion about a short story","survey, short story, review, rating","$0.25","Mon Jul 23 19:42:42 PDT 2018","300","BatchId:3313917;OriginalHitTemplateId:920937340;","10800","432000","Fri Jul 27 21:47:54 PDT 2018","","","3EJJQNKU9R620DIXVTVKQJ3Z11GHR5","A3O81LHBBI8NPK","Submitted","Fri Jul 27 06:45:55 PDT 2018","Fri Jul 27 06:50:23 PDT 2018","Wed Aug 01 06:50:23 PDT 2018","","","","268","0% (0/0)","0% (0/0)","0% (0/0)","6672383"
"3E9VAUV7BWFT07OBDG8KS9D7RADAYI","3VY1OMW93651SZIH3LH85FKSADCUBC","Read a short story and rate it on a scale of 1 to 6","Give us your opinion about a short story","survey, short story, review, rating","$0.25","Mon Jul 23 19:42:42 PDT 2018","300","BatchId:3313917;OriginalHitTemplateId:920937340;","10800","432000","Fri Jul 27 21:47:54 PDT 2018","","","3K772S5NP8CDR9DS9NBKRC4GL15HEK","AHV4U78TUUDKI","Submitted","Wed Jul 25 08:58:08 PDT 2018","Wed Jul 25 09:03:41 PDT 2018","Mon Jul 30 09:03:41 PDT 2018","","","","333","0% (0/0)","0% (0/0)","0% (0/0)","7867120"
"3E9VAUV7BWFT07OBDG8KS9D7RADAYI","3VY1OMW93651SZIH3LH85FKSADCUBC","Read a short story and rate it on a scale of 1 to 6","Give us your opinion about a short story","survey, short story, review, rating","$0.25","Mon Jul 23 19:42:42 PDT 2018","300","BatchId:3313917;OriginalHitTemplateId:920937340;","10800","432000","Fri Jul 27 21:47:54 PDT 2018","","","3KGTPGBS6XMQ1F7WG2NI8QKHIZL2UU","A3GXV6UG7Q1O92","Submitted","Tue Jul 24 11:14:33 PDT 2018","Tue Jul 24 11:19:57 PDT 2018","Sun Jul 29 11:19:57 PDT 2018","","","","324","0% (0/0)","0% (0/0)","0% (0/0)","7883660"
"3E9VAUV7BWFT07OBDG8KS9D7RADAYI","3VY1OMW93651SZIH3LH85FKSADCUBC","Read a short story and rate it on a scale of 1 to 6","Give us your opinion about a short story","survey, short story, review, rating","$0.25","Mon Jul 23 19:42:42 PDT 2018","300","BatchId:3313917;OriginalHitTemplateId:920937340;","10800","432000","Fri Jul 27 21:47:54 PDT 2018","","","3KMS4QQVK2RWZDEWAJYNMM58PAMKFP","A2OZ5SOGNN9QOA","Submitted","Tue Jul 24 04:27:41 PDT 2018","Tue Jul 24 04:32:35 PDT 2018","Sun Jul 29 04:32:35 PDT 2018","","","","294","0% (0/0)","0% (0/0)","0% (0/0)","8504614"
"3E9VAUV7BWFT07OBDG8KS9D7RADAYI","3VY1OMW93651SZIH3LH85FKSADCUBC","Read a short story and rate it on a scale of 1 to 6","Give us your opinion about a short story","survey, short story, review, rating","$0.25","Mon Jul 23 19:42:42 PDT 2018","300","BatchId:3313917;OriginalHitTemplateId:920937340;","10800","432000","Fri Jul 27 21:47:54 PDT 2018","","","3KRVW3HTZNM0T6JL1FB28YGR34OMSQ","A1KJV3S1EK7LUT","Submitted","Tue Jul 24 01:23:46 PDT 2018","Tue Jul 24 01:31:20 PDT 2018","Sun Jul 29 01:31:20 PDT 2018","","","","454","0% (0/0)","0% (0/0)","0% (0/0)","6653633"
"3E9VAUV7BWFT07OBDG8KS9D7RADAYI","3VY1OMW93651SZIH3LH85FKSADCUBC","Read a short story and rate it on a scale of 1 to 6","Give us your opinion about a short story","survey, short story, review, rating","$0.25","Mon Jul 23 19:42:42 PDT 2018","300","BatchId:3313917;OriginalHitTemplateId:920937340;","10800","432000","Fri Jul 27 21:47:54 PDT 2018","","","3KWTYT08704FHM3PP7XFFARAPE55LI","AMWIBULQ4S8K3","Submitted","Mon Jul 23 19:43:06 PDT 2018","Mon Jul 23 19:49:13 PDT 2018","Sat Jul 28 19:49:13 PDT 2018","","","","367","0% (0/0)","0% (0/0)","0% (0/0)","7720011"
"3E9VAUV7BWFT07OBDG8KS9D7RADAYI","3VY1OMW93651SZIH3LH85FKSADCUBC","Read a short story and rate it on a scale of 1 to 6","Give us your opinion about a short story","survey, short story, review, rating","$0.25","Mon Jul 23 19:42:42 PDT 2018","300","BatchId:3313917;OriginalHitTemplateId:920937340;","10800","432000","Fri Jul 27 21:47:54 PDT 2018","","","3L4D84MILZTL2PZKNOMBOSH8Q1PHJD","A2TC1ZFCTOCDA5","Submitted","Tue Jul 24 07:11:31 PDT 2018","Tue Jul 24 07:19:38 PDT 2018","Sun Jul 29 07:19:38 PDT 2018","","","","487","0% (0/0)","0% (0/0)","0% (0/0)","277202"
"3E9VAUV7BWFT07OBDG8KS9D7RADAYI","3VY1OMW93651SZIH3LH85FKSADCUBC","Read a short story and rate it on a scale of 1 to 6","Give us your opinion about a short story","survey, short story, review, rating","$0.25","Mon Jul 23 19:42:42 PDT 2018","300","BatchId:3313917;OriginalHitTemplateId:920937340;","10800","432000","Fri Jul 27 21:47:54 PDT 2018","","","3OB0CAO74HQBXEUJ9ONEYFWW4JVHYX","A1CFPKUOCGJIM6","Submitted","Thu Jul 26 08:40:37 PDT 2018","Thu Jul 26 08:44:45 PDT 2018","Tue Jul 31 08:44:45 PDT 2018","","","","248","0% (0/0)","0% (0/0)","0% (0/0)","6681093"
"3E9VAUV7BWFT07OBDG8KS9D7RADAYI","3VY1OMW93651SZIH3LH85FKSADCUBC","Read a short story and rate it on a scale of 1 to 6","Give us your opinion about a short story","survey, short story, review, rating","$0.25","Mon Jul 23 19:42:42 PDT 2018","300","BatchId:3313917;OriginalHitTemplateId:920937340;","10800","432000","Fri Jul 27 21:47:54 PDT 2018","","","3OSWBBLG1EY5LTZ7IWIMOGAP99OXDP","A2HR7ZIX42FEPG","Submitted","Tue Jul 24 12:52:41 PDT 2018","Tue Jul 24 12:56:45 PDT 2018","Sun Jul 29 12:56:45 PDT 2018","","","","244","0% (0/0)","0% (0/0)","0% (0/0)","1470536"
"3E9VAUV7BWFT07OBDG8KS9D7RADAYI","3VY1OMW93651SZIH3LH85FKSADCUBC","Read a short story and rate it on a scale of 1 to 6","Give us your opinion about a short story","survey, short story, review, rating","$0.25","Mon Jul 23 19:42:42 PDT 2018","300","BatchId:3313917;OriginalHitTemplateId:920937340;","10800","432000","Fri Jul 27 21:47:54 PDT 2018","","","3PH3VY7DJLYTZUZD09BXDPFLOLFZWC","A2XPQ8KYFKI6FD","Submitted","Mon Jul 23 22:46:17 PDT 2018","Mon Jul 23 22:54:14 PDT 2018","Sat Jul 28 22:54:14 PDT 2018","","","","477","0% (0/0)","0% (0/0)","0% (0/0)","7927267"
"3E9VAUV7BWFT07OBDG8KS9D7RADAYI","3VY1OMW93651SZIH3LH85FKSADCUBC","Read a short story and rate it on a scale of 1 to 6","Give us your opinion about a short story","survey, short story, review, rating","$0.25","Mon Jul 23 19:42:42 PDT 2018","300","BatchId:3313917;OriginalHitTemplateId:920937340;","10800","432000","Fri Jul 27 21:47:54 PDT 2018","","","3QIYRE09Y3I6H45R0XBIPCIIIWNN1D","A219VCQZADQ45W","Submitted","Tue Jul 24 06:23:23 PDT 2018","Tue Jul 24 06:28:49 PDT 2018","Sun Jul 29 06:28:49 PDT 2018","","","","326","0% (0/0)","0% (0/0)","0% (0/0)","7588106"
"3E9VAUV7BWFT07OBDG8KS9D7RADAYI","3VY1OMW93651SZIH3LH85FKSADCUBC","Read a short story and rate it on a scale of 1 to 6","Give us your opinion about a short story","survey, short story, review, rating","$0.25","Mon Jul 23 19:42:42 PDT 2018","300","BatchId:3313917;OriginalHitTemplateId:920937340;","10800","432000","Fri Jul 27 21:47:54 PDT 2018","","","3QJOXOW4XJSZJNE30KRXJHCC2E7EMB","AUZBKS5UI3MXB","Submitted","Tue Jul 24 05:07:53 PDT 2018","Tue Jul 24 05:13:26 PDT 2018","Sun Jul 29 05:13:26 PDT 2018","","","","333","0% (0/0)","0% (0/0)","0% (0/0)","2333847"
"3E9VAUV7BWFT07OBDG8KS9D7RADAYI","3VY1OMW93651SZIH3LH85FKSADCUBC","Read a short story and rate it on a scale of 1 to 6","Give us your opinion about a short story","survey, short story, review, rating","$0.25","Mon Jul 23 19:42:42 PDT 2018","300","BatchId:3313917;OriginalHitTemplateId:920937340;","10800","432000","Fri Jul 27 21:47:54 PDT 2018","","","3QL2OFSM96JQ47FPGU026819MS3CNF","A2VE5IV9OD2SK1","Submitted","Tue Jul 24 04:59:49 PDT 2018","Tue Jul 24 06:13:34 PDT 2018","Sun Jul 29 06:13:34 PDT 2018","","","","4425","0% (0/0)","0% (0/0)","0% (0/0)","8805503"
"3E9VAUV7BWFT07OBDG8KS9D7RADAYI","3VY1OMW93651SZIH3LH85FKSADCUBC","Read a short story and rate it on a scale of 1 to 6","Give us your opinion about a short story","survey, short story, review, rating","$0.25","Mon Jul 23 19:42:42 PDT 2018","300","BatchId:3313917;OriginalHitTemplateId:920937340;","10800","432000","Fri Jul 27 21:47:54 PDT 2018","","","3S4AW7T80BJXL3ZPB2E5AILWPM54LF","A3QI1RV4HQ9MOC","Submitted","Tue Jul 24 10:28:58 PDT 2018","Tue Jul 24 10:50:29 PDT 2018","Sun Jul 29 10:50:29 PDT 2018","","","","1291","0% (0/0)","0% (0/0)","0% (0/0)","425049"
"3E9VAUV7BWFT07OBDG8KS9D7RADAYI","3VY1OMW93651SZIH3LH85FKSADCUBC","Read a short story and rate it on a scale of 1 to 6","Give us your opinion about a short story","survey, short story, review, rating","$0.25","Mon Jul 23 19:42:42 PDT 2018","300","BatchId:3313917;OriginalHitTemplateId:920937340;","10800","432000","Fri Jul 27 21:47:54 PDT 2018","","","3SKEMFQBZ36NKY4925SHCUOM28P8KG","A1IZ4NX41GKU4X","Submitted","Tue Jul 24 10:06:53 PDT 2018","Tue Jul 24 10:10:41 PDT 2018","Sun Jul 29 10:10:41 PDT 2018","","","","228","0% (0/0)","0% (0/0)","0% (0/0)","5254693"
"3E9VAUV7BWFT07OBDG8KS9D7RADAYI","3VY1OMW93651SZIH3LH85FKSADCUBC","Read a short story and rate it on a scale of 1 to 6","Give us your opinion about a short story","survey, short story, review, rating","$0.25","Mon Jul 23 19:42:42 PDT 2018","300","BatchId:3313917;OriginalHitTemplateId:920937340;","10800","432000","Fri Jul 27 21:47:54 PDT 2018","","","3TVRFO09GKGOJ5NZVDGA7TIUIHZLX0","A3DZGDF9HCTAOB","Submitted","Tue Jul 24 11:46:15 PDT 2018","Tue Jul 24 11:58:44 PDT 2018","Sun Jul 29 11:58:44 PDT 2018","","","","749","0% (0/0)","0% (0/0)","0% (0/0)","8442537"
"3E9VAUV7BWFT07OBDG8KS9D7RADAYI","3VY1OMW93651SZIH3LH85FKSADCUBC","Read a short story and rate it on a scale of 1 to 6","Give us your opinion about a short story","survey, short story, review, rating","$0.25","Mon Jul 23 19:42:42 PDT 2018","300","BatchId:3313917;OriginalHitTemplateId:920937340;","10800","432000","Fri Jul 27 21:47:54 PDT 2018","","","3TVSS0C0E11XDIQEUHMFR1E43TFTWK","ACJK1CSODSI6N","Submitted","Tue Jul 24 13:35:22 PDT 2018","Tue Jul 24 13:42:41 PDT 2018","Sun Jul 29 13:42:41 PDT 2018","","","","439","0% (0/0)","0% (0/0)","0% (0/0)","6515338"
"3E9VAUV7BWFT07OBDG8KS9D7RADAYI","3VY1OMW93651SZIH3LH85FKSADCUBC","Read a short story and rate it on a scale of 1 to 6","Give us your opinion about a short story","survey, short story, review, rating","$0.25","Mon Jul 23 19:42:42 PDT 2018","300","BatchId:3313917;OriginalHitTemplateId:920937340;","10800","432000","Fri Jul 27 21:47:54 PDT 2018","","","3TXD01ZLD4I04TMJKG6615HF3UR4U1","A2ARHK50FQ79YC","Submitted","Thu Jul 26 22:07:59 PDT 2018","Thu Jul 26 22:28:33 PDT 2018","Tue Jul 31 22:28:33 PDT 2018","","","","1234","0% (0/0)","0% (0/0)","0% (0/0)","7495400"
"3E9VAUV7BWFT07OBDG8KS9D7RADAYI","3VY1OMW93651SZIH3LH85FKSADCUBC","Read a short story and rate it on a scale of 1 to 6","Give us your opinion about a short story","survey, short story, review, rating","$0.25","Mon Jul 23 19:42:42 PDT 2018","300","BatchId:3313917;OriginalHitTemplateId:920937340;","10800","432000","Fri Jul 27 21:47:54 PDT 2018","","","3WSELTNVR33065NBTCQN9CHDB79TA0","ALML8V38FDV0","Submitted","Tue Jul 24 05:43:36 PDT 2018","Tue Jul 24 05:47:00 PDT 2018","Sun Jul 29 05:47:00 PDT 2018","","","","204","0% (0/0)","0% (0/0)","0% (0/0)","2883566"
"3E9VAUV7BWFT07OBDG8KS9D7RADAYI","3VY1OMW93651SZIH3LH85FKSADCUBC","Read a short story and rate it on a scale of 1 to 6","Give us your opinion about a short story","survey, short story, review, rating","$0.25","Mon Jul 23 19:42:42 PDT 2018","300","BatchId:3313917;OriginalHitTemplateId:920937340;","10800","432000","Fri Jul 27 21:47:54 PDT 2018","","","3X08E93BHVJTH50W7M1IIXNDVH0666","AGNJKSH5LFKXZ","Submitted","Tue Jul 24 08:17:56 PDT 2018","Tue Jul 24 08:23:51 PDT 2018","Sun Jul 29 08:23:51 PDT 2018","","","","355","0% (0/0)","0% (0/0)","0% (0/0)","5757377"
"3E9VAUV7BWFT07OBDG8KS9D7RADAYI","3VY1OMW93651SZIH3LH85FKSADCUBC","Read a short story and rate it on a scale of 1 to 6","Give us your opinion about a short story","survey, short story, review, rating","$0.25","Mon Jul 23 19:42:42 PDT 2018","300","BatchId:3313917;OriginalHitTemplateId:920937340;","10800","432000","Fri Jul 27 21:47:54 PDT 2018","","","3X4JMASXCMA496VC1O29KCZEWFM0BH","A5LLSZG8YCAZF","Submitted","Tue Jul 24 07:50:05 PDT 2018","Tue Jul 24 08:33:20 PDT 2018","Sun Jul 29 08:33:20 PDT 2018","","","","2595","0% (0/0)","0% (0/0)","0% (0/0)","811484"
"3E9VAUV7BWFT07OBDG8KS9D7RADAYI","3VY1OMW93651SZIH3LH85FKSADCUBC","Read a short story and rate it on a scale of 1 to 6","Give us your opinion about a short story","survey, short story, review, rating","$0.25","Mon Jul 23 19:42:42 PDT 2018","300","BatchId:3313917;OriginalHitTemplateId:920937340;","10800","432000","Fri Jul 27 21:47:54 PDT 2018","","","3X73LLYYQ1FHLFQ52ME3HZYPZU4HN9","A2FSIGOW8XAQJU","Submitted","Wed Jul 25 11:05:34 PDT 2018","Wed Jul 25 11:10:38 PDT 2018","Mon Jul 30 11:10:38 PDT 2018","","","","304","0% (0/0)","0% (0/0)","0% (0/0)","1036751"
"3E9VAUV7BWFT07OBDG8KS9D7RADAYI","3VY1OMW93651SZIH3LH85FKSADCUBC","Read a short story and rate it on a scale of 1 to 6","Give us your opinion about a short story","survey, short story, review, rating","$0.25","Mon Jul 23 19:42:42 PDT 2018","300","BatchId:3313917;OriginalHitTemplateId:920937340;","10800","432000","Fri Jul 27 21:47:54 PDT 2018","","","3Y5140Z9DXHHKVD2OJ9GL04ZZD2PI6","A3V5IIPZ95YVKH","Submitted","Tue Jul 24 06:47:19 PDT 2018","Tue Jul 24 06:54:41 PDT 2018","Sun Jul 29 06:54:41 PDT 2018","","","","442","0% (0/0)","0% (0/0)","0% (0/0)","9227973"
"3E9VAUV7BWFT07OBDG8KS9D7RADAYI","3VY1OMW93651SZIH3LH85FKSADCUBC","Read a short story and rate it on a scale of 1 to 6","Give us your opinion about a short story","survey, short story, review, rating","$0.25","Mon Jul 23 19:42:42 PDT 2018","300","BatchId:3313917;OriginalHitTemplateId:920937340;","10800","432000","Fri Jul 27 21:47:54 PDT 2018","","","3YWRV122CS01NU9LWJWJIHXK4YHU8R","A1J1QKIGHFLF4M","Submitted","Tue Jul 24 09:25:13 PDT 2018","Tue Jul 24 09:25:29 PDT 2018","Sun Jul 29 09:25:29 PDT 2018","","","","16","0% (0/0)","0% (0/0)","0% (0/0)","1201103"
"3E9VAUV7BWFT07OBDG8KS9D7RADAYI","3VY1OMW93651SZIH3LH85FKSADCUBC","Read a short story and rate it on a scale of 1 to 6","Give us your opinion about a short story","survey, short story, review, rating","$0.25","Mon Jul 23 19:42:42 PDT 2018","300","BatchId:3313917;OriginalHitTemplateId:920937340;","10800","432000","Fri Jul 27 21:47:54 PDT 2018","","","3ZPBJO59KP28Z3ZSDS00LUMVLEVHDW","AOUMYCLO4I993","Submitted","Mon Jul 23 19:47:52 PDT 2018","Mon Jul 23 20:10:18 PDT 2018","Sat Jul 28 20:10:18 PDT 2018","","","","1346","0% (0/0)","0% (0/0)","0% (0/0)","7604166"
"3E9VAUV7BWFT07OBDG8KS9D7RADAYI","3VY1OMW93651SZIH3LH85FKSADCUBC","Read a short story and rate it on a scale of 1 to 6","Give us your opinion about a short story","survey, short story, review, rating","$0.25","Mon Jul 23 19:42:42 PDT 2018","300","BatchId:3313917;OriginalHitTemplateId:920937340;","10800","432000","Fri Jul 27 21:47:54 PDT 2018","","","3ZR9AIQJUBAKO7A3M9SMCYT8MLC04E","A2HNP1YL1IBFMU","Submitted","Mon Jul 23 23:55:15 PDT 2018","Tue Jul 24 00:03:21 PDT 2018","Sun Jul 29 00:03:21 PDT 2018","","","","486","0% (0/0)","0% (0/0)","0% (0/0)","3414130"
"3E9VAUV7BWFT07OBDG8KS9D7RADAYI","3VY1OMW93651SZIH3LH85FKSADCUBC","Read a short story and rate it on a scale of 1 to 6","Give us your opinion about a short story","survey, short story, review, rating","$0.25","Mon Jul 23 19:42:42 PDT 2018","300","BatchId:3313917;OriginalHitTemplateId:920937340;","10800","432000","Fri Jul 27 21:47:54 PDT 2018","","","3ZSANO2JCF8UNWR4FS7PD8WI6D0FSK","AKWH1P9W1KL35","Submitted","Wed Jul 25 08:49:43 PDT 2018","Wed Jul 25 08:54:47 PDT 2018","Mon Jul 30 08:54:47 PDT 2018","","","","304","0% (0/0)","0% (0/0)","0% (0/0)","858887"
"3E9VAUV7BWFT07OBDG8KS9D7RADAYI","3VY1OMW93651SZIH3LH85FKSADCUBC","Read a short story and rate it on a scale of 1 to 6","Give us your opinion about a short story","survey, short story, review, rating","$0.25","Mon Jul 23 19:42:42 PDT 2018","300","BatchId:3313917;OriginalHitTemplateId:920937340;","10800","432000","Fri Jul 27 21:47:54 PDT 2018","","","3ZV9H2YQQD8SE1SKF2GO9OA69Q53W8","A3VXSCZ7NP7ZI2","Submitted","Mon Jul 23 21:44:27 PDT 2018","Mon Jul 23 21:44:53 PDT 2018","Sat Jul 28 21:44:53 PDT 2018","","","","26","0% (0/0)","0% (0/0)","0% (0/0)","7409637"